{
    "breadcrumb": {
        "builder": true,
        "no_selection": true,
        "name": "Breadcrumb",
        "content": {
            "images":{
                "breadcrumb_image":{
                    "size":"1920x1080"
                }
            }
        }
    },
    "banner": {
        "builder": true,
        "no_selection":true,
        "name": "Banner Section",
        "content": {
            "images":{
                "image":{
                    "size":"1920x780"
                }
            },
            "heading": "text",
            "sub_heading": "text",
            "button_1": "text",
            "button_url_1": "text",
            "button_2": "text",
            "button_url_2": "text"
        }
    },
    "about": {
        "builder": true,
        "name": "About Us",
        "content": {
            "images":{
                "image":{
                    "size":"590x564"
                }
            },
            "heading": "text",
            "description": "textarea-nic",
            "button": "text",
            "button_url": "text"
        },
        "element":{
            "icon":"icon",
            "title":"text",
            "modal":true
        }
    },
    "game": {
        "builder": true,
        "name": "Game Section",
        "content": {
            "heading": "text",
            "sub_heading": "text"
        }
    },
    "trx_win": {
        "builder": true,
        "name": "Transactions & Winner",
        "content": {
            "heading": "text",
            "sub_heading": "text"
        }
    },
    "choose_us": {
        "builder": true,
        "name": "Choose Us Section",
        "content": {
            "images":{
                "image":{
                    "size":"1920x1080"
                }
            },
            "heading": "text",
            "sub_heading": "text"
        },
        "element":{
            "icon":"icon",
            "title":"text",
            "description":"textarea",
            "modal":true
        }
    },
    "statistics": {
        "builder": true,
        "name": "Statistics Section",
        "element":{
            "icon":"icon",
            "title":"text",
            "amount":"text",
            "modal":true
        }
    },
    "faq": {
        "builder": true,
        "name": "FAQ Section",
        "content": {
            "heading": "text",
            "sub_heading": "text"
        },
        "element": {
            "question": "text",
            "answer": "textarea",
            "modal": true
        }
    },
    "how_work": {
        "builder": true,
        "name": "How it work",
        "content": {
            "heading": "text"
        },
        "element":{
            "icon":"icon",
            "title":"text",
            "description":"textarea",
            "modal":true
        }
    },
    "cta": {
        "builder": true,
        "name": "Call To Action",
        "content": {
            "images":{
                "background_image":{
                    "size":"1920x780"
                }
            },
            "heading": "text",
            "button": "text",
            "button_url": "text"
        }
    },
    "referral": {
        "builder": true,
        "name": "Referral Section",
        "content": {
            "images":{
                "image":{
                    "size":"487x388"
                }
            },
            "heading": "text",
            "description":"textarea-nic"
        }
    },
    "testimonial": {
        "builder": true,
        "name": "Testimonial Section",
        "content": {
            "heading": "text"
        },
        "element":{
            "images":{
                "person_image":{
                    "size":"100x100"
                }
            },
            "name":"text",
            "quote":"textarea",
            "modal":true
        }
    },
    "payment_method": {
        "builder": true,
        "name": "Payment Method",
        "content": {
            "heading": "text"
        },
        "element": {
            "images":{
                "method_image":{
                    "size":"83x65"
                }
            },
            "modal": true
        }
    },
    "blog": {
        "builder": true,
        "name": "Blog Section",
        "content": {
            "heading": "text",
            "sub_heading": "text"
        },
        "element": {
            "images":{
                "blog_image":{
                    "size":"670x375",
                    "thumb":"120x80"
                }
            },
            "title": "text",
            "preview_text": "textarea",
            "description_nic": "textarea-nic",
            "modal": false
        }
    },
    "login": {
        "name": "Login Page",
        "builder": true,
        "no_selection": true,
        "content": {
            "images":{
                "image":{
                    "size":"1920x1280"
                }
            },
            "title":"text",
            "sub_title":"text"
        }
    },
    "register": {
        "name": "Register Page",
        "builder": true,
        "no_selection": true,
        "content": {
            "images":{
                "image":{
                    "size":"1920x960"
                }
            },
            "title":"text",
            "sub_title":"text"
        }
    },
    "contact_us": {
        "builder": true,
        "no_selection": true,
        "name": "Contact Us",
        "content": {
            "images":{
                "image":{
                    "size":"1280x848"
                }
            },
            "title": "text"
        }
    },





    "extra": {
        "builder": true,
        "no_selection":true,
        "name": "Extra Pages",
        "element": {
            "title": "text",
            "content": "textarea-nic",
            "modal": false
        }
    },
    "footer": {
        "builder": true,
        "no_selection":true,
        "name": "Footer Section",
        "content": {
            "footer_content": "textarea",
            "subscribe_title": "text",
            "subscribe_content": "text"
        },
        "element": {
            "social_icon": "icon",
            "social_url": "text",
            "modal": true
        }
    },
    "address": {
        "builder": true,
        "no_selection":true,
        "name": "Address Section",
        "content": {
            "phone": "text",
            "email": "text",
            "address": "text"
        }
    }
}
